"Ref","Value","Footprint","Datasheet","Pins","Library","Symbol","PartNumber"
"A1","MEGA-2560-IC","Package_QFP:TQFP-100_14x14mm_P0.5mm","C:\Users\Daxxn\Documents\Electrical\Datasheets\ATMEGA-2560.pdf","100","Daxxn_Arduino","MEGA-2560-IC",""
"C1","${D-CAP}","Capacitor_SMD:C_0603_1608Metric","~","2","Device","C_Small",""
"C2","${D-CAP}","Capacitor_SMD:C_0603_1608Metric","~","2","Device","C_Small",""
"C3","${D-CAP}","Capacitor_SMD:C_0603_1608Metric","~","2","Device","C_Small",""
"C4","${D-CAP}","Capacitor_SMD:C_0603_1608Metric","~","2","Device","C_Small",""
"C5","${D-CAP}","Capacitor_SMD:C_0603_1608Metric","~","2","Device","C_Small",""
"C6","${D-CAP}","Capacitor_SMD:C_0805_2012Metric","~","2","Device","C_Small",""
"C7","${D-CAP}","Capacitor_SMD:C_0603_1608Metric","~","2","Device","C_Small",""
"C8","${D-CAP}","Capacitor_SMD:C_0603_1608Metric","~","2","Device","C_Small",""
"C9","${D-CAP}","Capacitor_SMD:C_0805_2012Metric","~","2","Device","C_Small",""
"C10","${D-CAP}","Capacitor_SMD:C_0603_1608Metric","~","2","Device","C_Small",""
"C11","${D-CAP}","Capacitor_SMD:C_0603_1608Metric","~","2","Device","C_Small",""
"C12","${D-CAP}","Capacitor_SMD:C_0603_1608Metric","~","2","Device","C_Small",""
"C13","${D-CAP}","Capacitor_SMD:C_0805_2012Metric","~","2","Device","C_Small",""
"C14","${D-CAP}","Capacitor_SMD:C_0805_2012Metric","~","2","Device","C_Small",""
"C15","${D-CAP}","Capacitor_SMD:C_0805_2012Metric","~","2","Device","C_Small",""
"C16","1uF","Capacitor_SMD:C_0805_2012Metric","~","2","Device","C_Small",""
"C17","100nF","Capacitor_SMD:C_0805_2012Metric","~","2","Device","C_Small",""
"C18","100nF","Capacitor_SMD:C_0805_2012Metric","~","2","Device","C_Small",""
"C19","75nF","Capacitor_SMD:C_0805_2012Metric","~","2","Device","C_Small",""
"C20","75nF","Capacitor_SMD:C_0805_2012Metric","~","2","Device","C_Small",""
"C21","30nF","Capacitor_SMD:C_0805_2012Metric","~","2","Device","C_Small",""
"C22","30nF","Capacitor_SMD:C_0805_2012Metric","~","2","Device","C_Small",""
"C23","18nF","Capacitor_SMD:C_0805_2012Metric","~","2","Device","C_Small",""
"C24","18nF","Capacitor_SMD:C_0805_2012Metric","~","2","Device","C_Small",""
"C25","100nF","Capacitor_SMD:C_0805_2012Metric","~","2","Device","C_Small",""
"C26","100nF","Capacitor_SMD:C_0805_2012Metric","~","2","Device","C_Small",""
"C27","91nF","Capacitor_SMD:C_0805_2012Metric","~","2","Device","C_Small",""
"C28","91nF","Capacitor_SMD:C_0805_2012Metric","~","2","Device","C_Small",""
"C29","33nF","Capacitor_SMD:C_0805_2012Metric","~","2","Device","C_Small",""
"C30","33nF","Capacitor_SMD:C_0805_2012Metric","~","2","Device","C_Small",""
"C31","22nF","Capacitor_SMD:C_0805_2012Metric","~","2","Device","C_Small",""
"C32","22nF","Capacitor_SMD:C_0805_2012Metric","~","2","Device","C_Small",""
"C33","${PEAK-CAP}","Capacitor_SMD:C_0805_2012Metric","~","2","Device","C_Small",""
"C34","${PEAK-CAP}","Capacitor_SMD:C_0805_2012Metric","~","2","Device","C_Small",""
"C35","${PEAK-CAP}","Capacitor_SMD:C_0805_2012Metric","~","2","Device","C_Small",""
"C36","${PEAK-CAP}","Capacitor_SMD:C_0805_2012Metric","~","2","Device","C_Small",""
"C37","1uF","Capacitor_SMD:C_0805_2012Metric","~","2","Device","C_Small",""
"C38","47uF","Capacitor_SMD:CP_Elec_6.3x7.7","~","2","Device","C_Polarized_Small",""
"C39","1uF","Capacitor_SMD:C_0603_1608Metric","~","2","Device","C_Small",""
"C40","10uF","Capacitor_SMD:C_1210_3225Metric","~","2","Device","C_Small",""
"C41","${D-CAP}","Capacitor_SMD:C_0603_1608Metric","~","2","Device","C_Small",""
"C42","10uF","Capacitor_SMD:C_1210_3225Metric","~","2","Device","C_Small",""
"C43","${D-CAP}","Capacitor_SMD:C_0603_1608Metric","~","2","Device","C_Small",""
"C44","220nF","Capacitor_SMD:C_0603_1608Metric","~","2","Device","C_Small",""
"C45","${D-CAP}","Capacitor_SMD:C_0603_1608Metric","~","2","Device","C_Small",""
"C46","${D-CAP}","Capacitor_SMD:C_0603_1608Metric","~","2","Device","C_Small",""
"C47","10nF","Capacitor_SMD:C_0603_1608Metric","~","2","Device","C_Small",""
"C48","${D-CAP}","Capacitor_SMD:C_0603_1608Metric","~","2","Device","C_Small",""
"C49","${D-CAP}","Capacitor_SMD:C_0603_1608Metric","~","2","Device","C_Small",""
"C50","${D-CAP}","Capacitor_SMD:C_0603_1608Metric","~","2","Device","C_Small",""
"C51","1uF","Capacitor_SMD:C_0805_2012Metric","~","2","Device","C_Small",""
"C52","10uF","Capacitor_SMD:C_1210_3225Metric","~","2","Device","C_Small",""
"C53","${D-CAP}","Capacitor_SMD:C_0603_1608Metric","~","2","Device","C_Small",""
"C54","100uF","Capacitor_SMD:CP_Elec_6.3x5.4","~","2","Device","C_Polarized_Small",""
"C55","${D-CAP}","Capacitor_SMD:C_0603_1608Metric","~","2","Device","C_Small",""
"C56","100nF","Capacitor_SMD:C_0805_2012Metric","~","2","Device","C_Small",""
"C57","1uF","Capacitor_SMD:C_0805_2012Metric","~","2","Device","C_Small",""
"C58","${D-CAP}","Capacitor_SMD:C_0603_1608Metric","~","2","Device","C_Small",""
"C59","${D-CAP}","Capacitor_SMD:C_0603_1608Metric","~","2","Device","C_Small",""
"C60","${D-CAP}","Capacitor_SMD:C_0603_1608Metric","~","2","Device","C_Small",""
"C61","100nF","Capacitor_SMD:C_0603_1608Metric","~","2","Device","C_Small",""
"C62","${D-CAP}","Capacitor_SMD:C_0603_1608Metric","~","2","Device","C_Small",""
"C63","${D-CAP}","Capacitor_SMD:C_0603_1608Metric","~","2","Device","C_Small",""
"C64","150nF","Capacitor_SMD:C_0805_2012Metric","~","2","Device","C_Small",""
"C65","150nF","Capacitor_SMD:C_0805_2012Metric","~","2","Device","C_Small",""
"C66","100nF","Capacitor_SMD:C_0805_2012Metric","~","2","Device","C_Small",""
"C67","100nF","Capacitor_SMD:C_0805_2012Metric","~","2","Device","C_Small",""
"C68","100nF","Capacitor_SMD:C_0805_2012Metric","~","2","Device","C_Small",""
"C69","100nF","Capacitor_SMD:C_0805_2012Metric","~","2","Device","C_Small",""
"C70","51nF","Capacitor_SMD:C_0805_2012Metric","~","2","Device","C_Small",""
"C71","5.1nF","Capacitor_SMD:C_0805_2012Metric","~","2","Device","C_Small",""
"C72","180nF","Capacitor_SMD:C_0805_2012Metric","~","2","Device","C_Small",""
"C73","180nF","Capacitor_SMD:C_0805_2012Metric","~","2","Device","C_Small",""
"C74","100nF","Capacitor_SMD:C_0805_2012Metric","~","2","Device","C_Small",""
"C75","100nF","Capacitor_SMD:C_0805_2012Metric","~","2","Device","C_Small",""
"C76","100nF","Capacitor_SMD:C_0805_2012Metric","~","2","Device","C_Small",""
"C77","100nF","Capacitor_SMD:C_0805_2012Metric","~","2","Device","C_Small",""
"C78","51nF","Capacitor_SMD:C_0805_2012Metric","~","2","Device","C_Small",""
"C79","5.1nF","Capacitor_SMD:C_0805_2012Metric","~","2","Device","C_Small",""
"C80","${PEAK-CAP}","Capacitor_SMD:C_0805_2012Metric","~","2","Device","C_Small",""
"C81","${PEAK-CAP}","Capacitor_SMD:C_0805_2012Metric","~","2","Device","C_Small",""
"C82","${PEAK-CAP}","Capacitor_SMD:C_0805_2012Metric","~","2","Device","C_Small",""
"C83","${PEAK-CAP}","Capacitor_SMD:C_0805_2012Metric","~","2","Device","C_Small",""
"C84","100nF","Capacitor_SMD:C_0805_2012Metric","~","2","Device","C_Small",""
"C85","${D-CAP}","Capacitor_SMD:C_0603_1608Metric","~","2","Device","C_Small",""
"C86","${D-CAP}","Capacitor_SMD:C_0603_1608Metric","~","2","Device","C_Small",""
"D2","GP DOIDE","Diode_SMD:D_SOD-323_HandSoldering","~","2","pspice","DIODE",""
"D3","GP DIODE","Diode_SMD:D_SOD-323_HandSoldering","~","2","pspice","DIODE",""
"D4","GP DIODE","Diode_SMD:D_SOD-323_HandSoldering","~","2","pspice","DIODE",""
"D5","GP DIODE","Diode_SMD:D_SOD-323_HandSoldering","~","2","pspice","DIODE",""
"D6","ES2A/A","Diode_SMD:D_SMA-SMB_Universal_Handsoldering","~","2","Device","D_Schottky_Small",""
"D7","SSM16","Diode_SMD:D_SMB_Handsoldering","~","2","Device","D_Schottky",""
"D8","HP IND - RED","Daxxn_LEDs:LTST-S321TBKT","~","2","Device","LED_Small",""
"D9","XLR IND - RED","Daxxn_LEDs:LTST-S321TBKT","~","2","Device","LED_Small",""
"D10","GP DIODE","Diode_SMD:D_SOD-323_HandSoldering","~","2","pspice","DIODE",""
"D11","GP DIODE","Diode_SMD:D_SOD-323_HandSoldering","~","2","pspice","DIODE",""
"D12","GP DIODE","Diode_SMD:D_SOD-323_HandSoldering","~","2","pspice","DIODE",""
"D13","GP DIODE","Diode_SMD:D_SOD-323_HandSoldering","~","2","pspice","DIODE",""
"F1","10A","Daxxn_Protection:3557-10","~","2","Device","Fuse_Small",""
"H1","M2.5","MountingHole:MountingHole_2.5mm_Pad","~","1","Mechanical","MountingHole_Pad",""
"H2","M2.5","MountingHole:MountingHole_2.5mm_Pad","~","1","Mechanical","MountingHole_Pad",""
"H3","M2.5","MountingHole:MountingHole_2.5mm_Pad","~","1","Mechanical","MountingHole_Pad",""
"H4","M2.5","MountingHole:MountingHole_2.5mm_Pad","~","1","Mechanical","MountingHole_Pad",""
"ICSP1","ICSP","Connector:Tag-Connect_TC2050-IDC-FP_2x05_P1.27mm_Vertical","~","9","Daxxn_Connectors","ICSP",""
"J1","LED D-SUB","Daxxn_Connectors:DSUB-37-182-037-113R531"," ~","38","Connector","DB37_Female_MountingHoles",""
"J2","STD BARREL JACK","Daxxn_Connectors:BarrelJack_Horizontal","~","3","Connector","Barrel_Jack_Switch",""
"J3","STD BARREL JACK","Daxxn_Connectors:BarrelJack_Horizontal","~","3","Connector","Barrel_Jack_Switch",""
"J4","XLR3","Daxxn_Connectors:CP30082-XLR"," ~","3","Connector","XLR3",""
"J5","SJ-43515RS-SMT-TR","Daxxn_Connectors:SJ-43515RS-SMT-TR","~","5","Daxxn_Connectors","SJ-43515RS-SMT-TR",""
"J6","Conn_02x12_Odd_Even","Daxxn_Connectors:B24B-PHDSS(LF)(SN)","~","24","Connector_Generic","Conn_02x12_Odd_Even",""
"J7","Conn_02x12_Odd_Even","Daxxn_Connectors:B24B-PHDSS(LF)(SN)","~","24","Connector_Generic","Conn_02x12_Odd_Even",""
"JP-A1","Audio Jumper","Jumper:SolderJumper-2_P1.3mm_Open_TrianglePad1.0x1.5mm","~","2","Jumper","Jumper_2_Bridged",""
"K1","ALQ112","Daxxn_Relays:ALQ112","http://www.omron.com/ecb/products/pdf/en-g5le.pdf","5","Daxxn_Relays","ALQ112",""
"K2","ALQ112","Daxxn_Relays:ALQ112","http://www.omron.com/ecb/products/pdf/en-g5le.pdf","5","Daxxn_Relays","ALQ112",""
"K3","2-SW-RELAY","Daxxn_Relays:AGQ200S4HZ","","8","Daxxn_Relays","2-SW-RELAY",""
"L1","10uF","Inductor_SMD:L_1210_3225Metric","~","2","Device","L_Small",""
"L2","22uH","Daxxn_Passives:PA4341","~","2","Device","L",""
"Q1","MMBT2222A","Package_TO_SOT_SMD:SOT-23","C:\Users\Daxxn\Documents\Electrical\Datasheets\MMBT2222A.pdf","3","Daxxn_Transistors","MMBT2222A",""
"Q2","BC807","Package_TO_SOT_SMD:SOT-23","https://www.onsemi.com/pub/Collateral/BC808-D.pdf","3","Transistor_BJT","BC807",""
"Q3","MMBT2222A","Package_TO_SOT_SMD:SOT-23","C:\Users\Daxxn\Documents\Electrical\Datasheets\MMBT2222A.pdf","3","Daxxn_Transistors","MMBT2222A",""
"R1","4.7K${RES}","Resistor_SMD:R_0805_2012Metric","~","2","Device","R_Small_US",""
"R2","4.7K${RES}","Resistor_SMD:R_0805_2012Metric","~","2","Device","R_Small_US",""
"R3","14.9K${RES}","Resistor_SMD:R_0805_2012Metric","~","2","Device","R_Small_US",""
"R4","3.97K${RES}","Resistor_SMD:R_0805_2012Metric","~","2","Device","R_Small_US",""
"R5","5.3K${RES}","Resistor_SMD:R_0805_2012Metric","~","2","Device","R_Small_US",""
"R6","4.14K${RES}","Resistor_SMD:R_0805_2012Metric","~","2","Device","R_Small_US",""
"R7","312${RES}","Resistor_SMD:R_0805_2012Metric","~","2","Device","R_Small_US",""
"R8","83.2${RES}","Resistor_SMD:R_0805_2012Metric","~","2","Device","R_Small_US",""
"R9","60.9${RES}","Resistor_SMD:R_0805_2012Metric","~","2","Device","R_Small_US",""
"R10","86.7${RES}","Resistor_SMD:R_0805_2012Metric","~","2","Device","R_Small_US",""
"R11","43.4K${RES}","Resistor_SMD:R_0805_2012Metric","~","2","Device","R_Small_US",""
"R12","11.6K${RES}","Resistor_SMD:R_0805_2012Metric","~","2","Device","R_Small_US",""
"R13","16.2K${RES}","Resistor_SMD:R_0805_2012Metric","~","2","Device","R_Small_US",""
"R14","12K${RES}","Resistor_SMD:R_0805_2012Metric","~","2","Device","R_Small_US",""
"R15","17.8K${RES}","Resistor_SMD:R_0805_2012Metric","~","2","Device","R_Small_US",""
"R16","3.91K${RES}","Resistor_SMD:R_0805_2012Metric","~","2","Device","R_Small_US",""
"R17","5.55K${RES}","Resistor_SMD:R_0805_2012Metric","~","2","Device","R_Small_US",""
"R18","4.04K${RES}","Resistor_SMD:R_0805_2012Metric","~","2","Device","R_Small_US",""
"R19","373${RES}","Resistor_SMD:R_0805_2012Metric","~","2","Device","R_Small_US",""
"R20","81.9${RES}","Resistor_SMD:R_0805_2012Metric","~","2","Device","R_Small_US",""
"R21","63.7${RES}","Resistor_SMD:R_0805_2012Metric","~","2","Device","R_Small_US",""
"R22","84.7${RES}","Resistor_SMD:R_0805_2012Metric","~","2","Device","R_Small_US",""
"R23","51.8K${RES}","Resistor_SMD:R_0805_2012Metric","~","2","Device","R_Small_US",""
"R24","11.4K${RES}","Resistor_SMD:R_0805_2012Metric","~","2","Device","R_Small_US",""
"R25","17K${RES}","Resistor_SMD:R_0805_2012Metric","~","2","Device","R_Small_US",""
"R26","11.8K${RES}","Resistor_SMD:R_0805_2012Metric","~","2","Device","R_Small_US",""
"R27","${PEAK-RES}","Resistor_SMD:R_0805_2012Metric","~","2","Device","R_Small_US",""
"R28","${PEAK-RES}","Resistor_SMD:R_0805_2012Metric","~","2","Device","R_Small_US",""
"R29","${PEAK-RES}","Resistor_SMD:R_0805_2012Metric","~","2","Device","R_Small_US",""
"R30","${PEAK-RES}","Resistor_SMD:R_0805_2012Metric","~","2","Device","R_Small_US",""
"R31","10K${RES}","Resistor_SMD:R_0805_2012Metric","~","2","Device","R_Small_US",""
"R32","10K${RES}","Resistor_SMD:R_0805_2012Metric","~","2","Device","R_Small_US",""
"R33","100K${RES}","Resistor_SMD:R_0805_2012Metric","~","2","Device","R_Small_US",""
"R34","1.5K${RES}","Resistor_SMD:R_0805_2012Metric","~","2","Device","R_Small_US",""
"R35","24K${RES}","Resistor_SMD:R_0805_2012Metric","~","2","Device","R_Small_US",""
"R36","5K${RES}","Resistor_SMD:R_0805_2012Metric","~","2","Device","R_Small_US",""
"R37","100${RES}","Resistor_SMD:R_0805_2012Metric","~","2","Device","R_Small_US",""
"R38","1K${RES}","Resistor_SMD:R_0805_2012Metric","~","2","Device","R_Small_US",""
"R39","${GATE-RES}","Resistor_SMD:R_0805_2012Metric","~","2","Device","R_Small_US",""
"R40","${P-RES}","Resistor_SMD:R_0805_2012Metric","~","2","Device","R_Small_US",""
"R41","${GATE-RES}","Resistor_SMD:R_0805_2012Metric","~","2","Device","R_Small_US",""
"R42","${P-RES}","Resistor_SMD:R_0805_2012Metric","~","2","Device","R_Small_US",""
"R43","${GATE-RES}","Resistor_SMD:R_0805_2012Metric","~","2","Device","R_Small_US",""
"R44","${P-RES}","Resistor_SMD:R_0805_2012Metric","~","2","Device","R_Small_US",""
"R45","${GATE-RES}","Resistor_SMD:R_0805_2012Metric","~","2","Device","R_Small_US",""
"R46","${P-RES}","Resistor_SMD:R_0805_2012Metric","~","2","Device","R_Small_US",""
"R47","${GATE-RES}","Resistor_SMD:R_0805_2012Metric","~","2","Device","R_Small_US",""
"R48","${P-RES}","Resistor_SMD:R_0805_2012Metric","~","2","Device","R_Small_US",""
"R49","${GATE-RES}","Resistor_SMD:R_0805_2012Metric","~","2","Device","R_Small_US",""
"R50","${P-RES}","Resistor_SMD:R_0805_2012Metric","~","2","Device","R_Small_US",""
"R51","${GATE-RES}","Resistor_SMD:R_0805_2012Metric","~","2","Device","R_Small_US",""
"R52","${P-RES}","Resistor_SMD:R_0805_2012Metric","~","2","Device","R_Small_US",""
"R53","${GATE-RES}","Resistor_SMD:R_0805_2012Metric","~","2","Device","R_Small_US",""
"R54","${P-RES}","Resistor_SMD:R_0805_2012Metric","~","2","Device","R_Small_US",""
"R55","${GATE-RES}","Resistor_SMD:R_0805_2012Metric","~","2","Device","R_Small_US",""
"R56","${P-RES}","Resistor_SMD:R_0805_2012Metric","~","2","Device","R_Small_US",""
"R57","${GATE-RES}","Resistor_SMD:R_0805_2012Metric","~","2","Device","R_Small_US",""
"R58","${P-RES}","Resistor_SMD:R_0805_2012Metric","~","2","Device","R_Small_US",""
"R59","${GATE-RES}","Resistor_SMD:R_0805_2012Metric","~","2","Device","R_Small_US",""
"R60","${P-RES}","Resistor_SMD:R_0805_2012Metric","~","2","Device","R_Small_US",""
"R61","${GATE-RES}","Resistor_SMD:R_0805_2012Metric","~","2","Device","R_Small_US",""
"R62","${P-RES}","Resistor_SMD:R_0805_2012Metric","~","2","Device","R_Small_US",""
"R63","${GATE-RES}","Resistor_SMD:R_0805_2012Metric","~","2","Device","R_Small_US",""
"R64","${P-RES}","Resistor_SMD:R_0805_2012Metric","~","2","Device","R_Small_US",""
"R65","${GATE-RES}","Resistor_SMD:R_0805_2012Metric","~","2","Device","R_Small_US",""
"R66","${P-RES}","Resistor_SMD:R_0805_2012Metric","~","2","Device","R_Small_US",""
"R67","${GATE-RES}","Resistor_SMD:R_0805_2012Metric","~","2","Device","R_Small_US",""
"R68","${P-RES}","Resistor_SMD:R_0805_2012Metric","~","2","Device","R_Small_US",""
"R69","${GATE-RES}","Resistor_SMD:R_0805_2012Metric","~","2","Device","R_Small_US",""
"R70","${P-RES}","Resistor_SMD:R_0805_2012Metric","~","2","Device","R_Small_US",""
"R71","15K${RES}","Resistor_SMD:R_0603_1608Metric","~","2","Device","R_Small_US",""
"R72","2.7K${RES}","Resistor_SMD:R_0805_2012Metric","~","2","Device","R_Small_US",""
"R73","7.5K${RES}","Resistor_SMD:R_0805_2012Metric","~","2","Device","R_Small_US",""
"R74","${GATE-RES}","Resistor_SMD:R_0805_2012Metric","~","2","Device","R_Small_US",""
"R75","${P-RES}","Resistor_SMD:R_0805_2012Metric","~","2","Device","R_Small_US",""
"R76","${GATE-RES}","Resistor_SMD:R_0805_2012Metric","~","2","Device","R_Small_US",""
"R77","${P-RES}","Resistor_SMD:R_0805_2012Metric","~","2","Device","R_Small_US",""
"R78","${GATE-RES}","Resistor_SMD:R_0805_2012Metric","~","2","Device","R_Small_US",""
"R79","${P-RES}","Resistor_SMD:R_0805_2012Metric","~","2","Device","R_Small_US",""
"R80","${GATE-RES}","Resistor_SMD:R_0805_2012Metric","~","2","Device","R_Small_US",""
"R81","${P-RES}","Resistor_SMD:R_0805_2012Metric","~","2","Device","R_Small_US",""
"R82","${GATE-RES}","Resistor_SMD:R_0805_2012Metric","~","2","Device","R_Small_US",""
"R83","${P-RES}","Resistor_SMD:R_0805_2012Metric","~","2","Device","R_Small_US",""
"R84","${GATE-RES}","Resistor_SMD:R_0805_2012Metric","~","2","Device","R_Small_US",""
"R85","${P-RES}","Resistor_SMD:R_0805_2012Metric","~","2","Device","R_Small_US",""
"R86","${GATE-RES}","Resistor_SMD:R_0805_2012Metric","~","2","Device","R_Small_US",""
"R87","${P-RES}","Resistor_SMD:R_0805_2012Metric","~","2","Device","R_Small_US",""
"R88","${GATE-RES}","Resistor_SMD:R_0805_2012Metric","~","2","Device","R_Small_US",""
"R89","${P-RES}","Resistor_SMD:R_0805_2012Metric","~","2","Device","R_Small_US",""
"R90","${DCL-RES}","Resistor_SMD:R_0805_2012Metric","~","2","Device","R_Small_US",""
"R91","${P-RES}","Resistor_SMD:R_0805_2012Metric","~","2","Device","R_Small_US",""
"R92","100${RES}","Resistor_SMD:R_0805_2012Metric","~","2","Device","R_Small_US",""
"R93","${P-RES}","Resistor_SMD:R_0805_2012Metric","~","2","Device","R_Small_US",""
"R94","${P-RES}","Resistor_SMD:R_0805_2012Metric","~","2","Device","R_Small_US",""
"R95","${DIFF-RES}","Resistor_SMD:R_0805_2012Metric","~","2","Device","R_Small_US",""
"R96","${DIFF-RES}","Resistor_SMD:R_0805_2012Metric","~","2","Device","R_Small_US",""
"R97","100${RES}","Resistor_SMD:R_0805_2012Metric","~","2","Device","R_Small_US",""
"R98","100${RES}","Resistor_SMD:R_0805_2012Metric","~","2","Device","R_Small_US",""
"R99","${DIFF-RES}","Resistor_SMD:R_0805_2012Metric","~","2","Device","R_Small_US",""
"R100","${DIFF-RES}","Resistor_SMD:R_0805_2012Metric","~","2","Device","R_Small_US",""
"R101","470${RES}","Resistor_SMD:R_0805_2012Metric","~","2","Device","R_Small_US",""
"R102","100${RES}","Resistor_SMD:R_0805_2012Metric","~","2","Device","R_Small_US",""
"R103","${P-RES}","Resistor_SMD:R_0805_2012Metric","~","2","Device","R_Small_US",""
"R104","1K${RES}","Resistor_SMD:R_0805_2012Metric","~","2","Device","R_Small_US",""
"R105","1K","Resistor_SMD:R_0603_1608Metric","~","2","Device","R_Small_US",""
"R106","10K","Resistor_SMD:R_0603_1608Metric","~","2","Device","R_Small_US",""
"R107","10K","Resistor_SMD:R_0603_1608Metric","~","2","Device","R_Small_US",""
"R108","60m${RES}","Resistor_SMD:R_2010_5025Metric","~","2","Device","R_US",""
"R109","60m${RES}","Resistor_SMD:R_2010_5025Metric","~","2","Device","R_US",""
"R110","60m${RES}","Resistor_SMD:R_2010_5025Metric","~","2","Device","R_US",""
"R111","60m${RES}","Resistor_SMD:R_2010_5025Metric","~","2","Device","R_US",""
"R112","60m${RES}","Resistor_SMD:R_2010_5025Metric","~","2","Device","R_US",""
"R113","60m${RES}","Resistor_SMD:R_2010_5025Metric","~","2","Device","R_US",""
"R114","60m${RES}","Resistor_SMD:R_2010_5025Metric","~","2","Device","R_US",""
"R115","60m${RES}","Resistor_SMD:R_2010_5025Metric","~","2","Device","R_US",""
"R116","147K${RES}","Resistor_SMD:R_0805_2012Metric","~","2","Device","R_Small_US",""
"R117","39.7K${RES}","Resistor_SMD:R_0805_2012Metric","~","2","Device","R_Small_US",""
"R118","14.9K${RES}","Resistor_SMD:R_0805_2012Metric","~","2","Device","R_Small_US",""
"R119","15.9K${RES}","Resistor_SMD:R_0805_2012Metric","~","2","Device","R_Small_US",""
"R120","832${RES}","Resistor_SMD:R_0805_2012Metric","~","2","Device","R_Small_US",""
"R121","312${RES}","Resistor_SMD:R_0805_2012Metric","~","2","Device","R_Small_US",""
"R122","155${RES}","Resistor_SMD:R_0805_2012Metric","~","2","Device","R_Small_US",""
"R123","622K${RES}","Resistor_SMD:R_0805_2012Metric","~","2","Device","R_Small_US",""
"R124","116K${RES}","Resistor_SMD:R_0805_2012Metric","~","2","Device","R_Small_US",""
"R125","43.4K${RES}","Resistor_SMD:R_0805_2012Metric","~","2","Device","R_Small_US",""
"R126","15.4K${RES}","Resistor_SMD:R_0805_2012Metric","~","2","Device","R_Small_US",""
"R127","9.58K${RES}","Resistor_SMD:R_0805_2012Metric","~","2","Device","R_Small_US",""
"R128","127${RES}","Resistor_SMD:R_0805_2012Metric","~","2","Device","R_Small_US",""
"R129","39.5K${RES}","Resistor_SMD:R_0805_2012Metric","~","2","Device","R_Small_US",""
"R130","17.8K${RES}","Resistor_SMD:R_0805_2012Metric","~","2","Device","R_Small_US",""
"R131","17.1K${RES}","Resistor_SMD:R_0805_2012Metric","~","2","Device","R_Small_US",""
"R132","58K${RES}","Resistor_SMD:R_0805_2012Metric","~","2","Device","R_Small_US",""
"R133","828${RES}","Resistor_SMD:R_0805_2012Metric","~","2","Device","R_Small_US",""
"R134","373${RES}","Resistor_SMD:R_0805_2012Metric","~","2","Device","R_Small_US",""
"R135","166${RES}","Resistor_SMD:R_0805_2012Metric","~","2","Device","R_Small_US",""
"R136","1.86M${RES}","Resistor_SMD:R_0805_2012Metric","~","2","Device","R_Small_US",""
"R137","115K${RES}","Resistor_SMD:R_0805_2012Metric","~","2","Device","R_Small_US",""
"R138","51.8K${RES}","Resistor_SMD:R_0805_2012Metric","~","2","Device","R_Small_US",""
"R139","16.5K${RES}","Resistor_SMD:R_0805_2012Metric","~","2","Device","R_Small_US",""
"R140","9.8K${RES}","Resistor_SMD:R_0805_2012Metric","~","2","Device","R_Small_US",""
"R141","130${RES}","Resistor_SMD:R_0805_2012Metric","~","2","Device","R_Small_US",""
"R142","${PEAK-RES}","Resistor_SMD:R_0805_2012Metric","~","2","Device","R_Small_US",""
"R143","${PEAK-RES}","Resistor_SMD:R_0805_2012Metric","~","2","Device","R_Small_US",""
"R144","${PEAK-RES}","Resistor_SMD:R_0805_2012Metric","~","2","Device","R_Small_US",""
"R145","${PEAK-RES}","Resistor_SMD:R_0805_2012Metric","~","2","Device","R_Small_US",""
"R146","330${RES}","Resistor_SMD:R_0805_2012Metric","~","2","Device","R_Small_US",""
"R147","${P-RES}","Resistor_SMD:R_0805_2012Metric","~","2","Device","R_Small_US",""
"R148","${P-RES}","Resistor_SMD:R_0805_2012Metric","~","2","Device","R_Small_US",""
"R149","1K","Resistor_SMD:R_0603_1608Metric","~","2","Device","R_Small_US",""
"RV1","10K${RES}","Potentiometer_THT:Potentiometer_Bourns_3296W_Vertical","~","3","Device","R_Potentiometer_US",""
"RV2","10K${RES}","Potentiometer_THT:Potentiometer_Bourns_3296W_Vertical","~","3","Device","R_Potentiometer_US",""
"TP10","VCC TP","Connector_PinHeader_2.54mm:PinHeader_1x02_P2.54mm_Vertical","~","2","Connector","TestPoint_2Pole",""
"TP11","I2C TP","Connector_PinHeader_2.54mm:PinHeader_1x02_P2.54mm_Vertical","~","2","Connector","TestPoint_2Pole",""
"TP12","MIDI TP","Connector_PinHeader_2.54mm:PinHeader_1x02_P2.54mm_Vertical","~","2","Connector","TestPoint_2Pole",""
"TPA0","Audio IN TP","TestPoint:TestPoint_Loop_D2.50mm_Drill1.0mm_LowProfile","~","1","Connector","TestPoint_Alt",""
"TPA1","Audio 1 TP","TestPoint:TestPoint_Loop_D2.50mm_Drill1.0mm_LowProfile","~","1","Connector","TestPoint_Alt",""
"TPA2","Audio 2 TP","TestPoint:TestPoint_Loop_D2.50mm_Drill1.0mm_LowProfile","~","1","Connector","TestPoint_Alt",""
"TPA3","Audio 3 TP","TestPoint:TestPoint_Loop_D2.50mm_Drill1.0mm_LowProfile","~","1","Connector","TestPoint_Alt",""
"TPA4","Audio 4 TP","TestPoint:TestPoint_Loop_D2.50mm_Drill1.0mm_LowProfile","~","1","Connector","TestPoint_Alt",""
"TPA5","Audio 5 TP","TestPoint:TestPoint_Loop_D2.50mm_Drill1.0mm_LowProfile","~","1","Connector","TestPoint_Alt",""
"TPA6","Audio 6 TP","TestPoint:TestPoint_Loop_D2.50mm_Drill1.0mm_LowProfile","~","1","Connector","TestPoint_Alt",""
"TPA7","Audio 7 TP","TestPoint:TestPoint_Loop_D2.50mm_Drill1.0mm_LowProfile","~","1","Connector","TestPoint_Alt",""
"TPA8","Audio 8 TP","TestPoint:TestPoint_Loop_D2.50mm_Drill1.0mm_LowProfile","~","1","Connector","TestPoint_Alt",""
"U1","24LC04","Package_SO:SOIC-8_3.9x4.9mm_P1.27mm","http://ww1.microchip.com/downloads/en/DeviceDoc/21708K.pdf","8","Memory_EEPROM","24LC04",""
"U2","ADC0838_SOIC20","Package_SO:SOIC-20W_7.5x12.8mm_P1.27mm","C:\Users\Daxxn\Documents\Electrical\Datasheets\ADC0831.pdf","20","Daxxn_IC","ADC0838_SOIC20",""
"U3","LMV324","Package_SO:TSSOP-14_4.4x5mm_P0.65mm","http://www.ti.com/lit/ds/symlink/lmv324.pdf","14","Amplifier_Operational","LMV324",""
"U4","LMV324","Package_SO:TSSOP-14_4.4x5mm_P0.65mm","http://www.ti.com/lit/ds/symlink/lmv324.pdf","14","Amplifier_Operational","LMV324",""
"U5","LMV324","Package_SO:TSSOP-14_4.4x5mm_P0.65mm","http://www.ti.com/lit/ds/symlink/lmv324.pdf","14","Amplifier_Operational","LMV324",""
"U6","LM358","Package_SO:TSSOP-8_4.4x3mm_P0.65mm","http://www.ti.com/lit/ds/symlink/lm2904-n.pdf","8","Amplifier_Operational","LM358",""
"U7","OPA1652","Package_SO:VSSOP-8_3.0x3.0mm_P0.65mm","C:\Users\Daxxn\Documents\Electrical\Datasheets\OPA1654.pdf","8","Daxxn_OPAMP","OPA1652",""
"U8","PCA9634_TSSOP20","Package_SO:TSSOP-20_4.4x6.5mm_P0.65mm","C:\Users\Daxxn\Documents\Electrical\Datasheets\PCA9634.pdf","20","Daxxn_IC","PCA9634_TSSOP20",""
"U9","SQ2310ES_SOT23","Package_TO_SOT_SMD:SOT-23","C:\Users\Daxxn\Documents\Electrical\Datasheets\SQ2310ES.pdf","3","Daxxn_Transistors","SQ2310ES_SOT23",""
"U10","SQ2310ES_SOT23","Package_TO_SOT_SMD:SOT-23","C:\Users\Daxxn\Documents\Electrical\Datasheets\SQ2310ES.pdf","3","Daxxn_Transistors","SQ2310ES_SOT23",""
"U11","SQ2310ES_SOT23","Package_TO_SOT_SMD:SOT-23","C:\Users\Daxxn\Documents\Electrical\Datasheets\SQ2310ES.pdf","3","Daxxn_Transistors","SQ2310ES_SOT23",""
"U12","SQ2310ES_SOT23","Package_TO_SOT_SMD:SOT-23","C:\Users\Daxxn\Documents\Electrical\Datasheets\SQ2310ES.pdf","3","Daxxn_Transistors","SQ2310ES_SOT23",""
"U13","SQ2310ES_SOT23","Package_TO_SOT_SMD:SOT-23","C:\Users\Daxxn\Documents\Electrical\Datasheets\SQ2310ES.pdf","3","Daxxn_Transistors","SQ2310ES_SOT23",""
"U14","SQ2310ES_SOT23","Package_TO_SOT_SMD:SOT-23","C:\Users\Daxxn\Documents\Electrical\Datasheets\SQ2310ES.pdf","3","Daxxn_Transistors","SQ2310ES_SOT23",""
"U15","SQ2310ES_SOT23","Package_TO_SOT_SMD:SOT-23","C:\Users\Daxxn\Documents\Electrical\Datasheets\SQ2310ES.pdf","3","Daxxn_Transistors","SQ2310ES_SOT23",""
"U16","SQ2310ES_SOT23","Package_TO_SOT_SMD:SOT-23","C:\Users\Daxxn\Documents\Electrical\Datasheets\SQ2310ES.pdf","3","Daxxn_Transistors","SQ2310ES_SOT23",""
"U17","PCA9634_TSSOP20","Package_SO:TSSOP-20_4.4x6.5mm_P0.65mm","C:\Users\Daxxn\Documents\Electrical\Datasheets\PCA9634.pdf","20","Daxxn_IC","PCA9634_TSSOP20",""
"U18","SQ2310ES_SOT23","Package_TO_SOT_SMD:SOT-23","C:\Users\Daxxn\Documents\Electrical\Datasheets\SQ2310ES.pdf","3","Daxxn_Transistors","SQ2310ES_SOT23",""
"U19","SQ2310ES_SOT23","Package_TO_SOT_SMD:SOT-23","C:\Users\Daxxn\Documents\Electrical\Datasheets\SQ2310ES.pdf","3","Daxxn_Transistors","SQ2310ES_SOT23",""
"U20","SQ2310ES_SOT23","Package_TO_SOT_SMD:SOT-23","C:\Users\Daxxn\Documents\Electrical\Datasheets\SQ2310ES.pdf","3","Daxxn_Transistors","SQ2310ES_SOT23",""
"U21","SQ2310ES_SOT23","Package_TO_SOT_SMD:SOT-23","C:\Users\Daxxn\Documents\Electrical\Datasheets\SQ2310ES.pdf","3","Daxxn_Transistors","SQ2310ES_SOT23",""
"U22","SQ2310ES_SOT23","Package_TO_SOT_SMD:SOT-23","C:\Users\Daxxn\Documents\Electrical\Datasheets\SQ2310ES.pdf","3","Daxxn_Transistors","SQ2310ES_SOT23",""
"U23","SQ2310ES_SOT23","Package_TO_SOT_SMD:SOT-23","C:\Users\Daxxn\Documents\Electrical\Datasheets\SQ2310ES.pdf","3","Daxxn_Transistors","SQ2310ES_SOT23",""
"U24","SQ2310ES_SOT23","Package_TO_SOT_SMD:SOT-23","C:\Users\Daxxn\Documents\Electrical\Datasheets\SQ2310ES.pdf","3","Daxxn_Transistors","SQ2310ES_SOT23",""
"U25","SQ2310ES_SOT23","Package_TO_SOT_SMD:SOT-23","C:\Users\Daxxn\Documents\Electrical\Datasheets\SQ2310ES.pdf","3","Daxxn_Transistors","SQ2310ES_SOT23",""
"U26","LM22673-SOIC","Daxxn_Packages:SOIC-8-1EP_3.9x4.9mm_P1.27mm_EP2.29x3mm_ThermalVias","C:\Users\Daxxn\Documents\Electrical\Datasheets\LM22673.pdf","8","Daxxn_Regulators","LM22673-SOIC",""
"U27","LMV324","Package_SO:TSSOP-14_4.4x5mm_P0.65mm","http://www.ti.com/lit/ds/symlink/lmv324.pdf","14","Amplifier_Operational","LMV324",""
"U28","LMV324","Package_SO:TSSOP-14_4.4x5mm_P0.65mm","http://www.ti.com/lit/ds/symlink/lmv324.pdf","14","Amplifier_Operational","LMV324",""
"U29","LMV324","Package_SO:TSSOP-14_4.4x5mm_P0.65mm","http://www.ti.com/lit/ds/symlink/lmv324.pdf","14","Amplifier_Operational","LMV324",""
"U30","PCA9634_TSSOP20","Package_SO:TSSOP-20_4.4x6.5mm_P0.65mm","C:\Users\Daxxn\Documents\Electrical\Datasheets\PCA9634.pdf","20","Daxxn_IC","PCA9634_TSSOP20",""
"U31","SQ2310ES_SOT23","Package_TO_SOT_SMD:SOT-23","C:\Users\Daxxn\Documents\Electrical\Datasheets\SQ2310ES.pdf","3","Daxxn_Transistors","SQ2310ES_SOT23",""
"U32","SQ2310ES_SOT23","Package_TO_SOT_SMD:SOT-23","C:\Users\Daxxn\Documents\Electrical\Datasheets\SQ2310ES.pdf","3","Daxxn_Transistors","SQ2310ES_SOT23",""
"U33","SQ2310ES_SOT23","Package_TO_SOT_SMD:SOT-23","C:\Users\Daxxn\Documents\Electrical\Datasheets\SQ2310ES.pdf","3","Daxxn_Transistors","SQ2310ES_SOT23",""
"U34","SQ2310ES_SOT23","Package_TO_SOT_SMD:SOT-23","C:\Users\Daxxn\Documents\Electrical\Datasheets\SQ2310ES.pdf","3","Daxxn_Transistors","SQ2310ES_SOT23",""
"U35","SQ2310ES_SOT23","Package_TO_SOT_SMD:SOT-23","C:\Users\Daxxn\Documents\Electrical\Datasheets\SQ2310ES.pdf","3","Daxxn_Transistors","SQ2310ES_SOT23",""
"U36","SQ2310ES_SOT23","Package_TO_SOT_SMD:SOT-23","C:\Users\Daxxn\Documents\Electrical\Datasheets\SQ2310ES.pdf","3","Daxxn_Transistors","SQ2310ES_SOT23",""
"U37","SQ2310ES_SOT23","Package_TO_SOT_SMD:SOT-23","C:\Users\Daxxn\Documents\Electrical\Datasheets\SQ2310ES.pdf","3","Daxxn_Transistors","SQ2310ES_SOT23",""
"U38","SQ2310ES_SOT23","Package_TO_SOT_SMD:SOT-23","C:\Users\Daxxn\Documents\Electrical\Datasheets\SQ2310ES.pdf","3","Daxxn_Transistors","SQ2310ES_SOT23",""
"U39","74HCT2G08","Package_SO:TSSOP-8_3x3mm_P0.65mm","C:\Users\Daxxn\Documents\Electrical\Datasheets\74HC2G08.pdf","8","Daxxn_Logic","74HCT2G08",""
"U40","SSM3K361R_SOT23F","Package_TO_SOT_SMD:SOT-23","C:\Users\Daxxn\Documents\Electrical\Datasheets\SSM3K361R.pdf","3","Daxxn_Transistors","SSM3K361R_SOT23F",""
"U41","SSM3K361R_SOT23F","Package_TO_SOT_SMD:SOT-23","C:\Users\Daxxn\Documents\Electrical\Datasheets\SSM3K361R.pdf","3","Daxxn_Transistors","SSM3K361R_SOT23F",""
"U42","INA4181 A2","Package_SO:TSSOP-20_4.4x6.5mm_P0.65mm","C:\Users\Daxxn\Documents\Electrical\Datasheets\INA181.pdf","20","Daxxn_IC","INA4181",""
"U43","INA4181 A2","Package_SO:TSSOP-20_4.4x6.5mm_P0.65mm","C:\Users\Daxxn\Documents\Electrical\Datasheets\INA181.pdf","20","Daxxn_IC","INA4181",""
"U44","MIC1555","Package_TO_SOT_SMD:SOT-23-5","https://ww1.microchip.com/downloads/aemDocuments/documents/OTH/ProductDocuments/DataSheets/MIC1555-57-IttyBitty-RC-Timer-Oscillator-DS20005730B.pdf","5","Daxxn_IC","MIC1555",""
"U45","CD4017B","Package_SO:TSSOP-16_4.4x5mm_P0.65mm","https://www.ti.com/lit/ds/symlink/cd4017b.pdf?HQS=dis-dk-null-digikeymode-dsf-pf-null-wwe&ts=1663398787219&ref_url=https%253A%252F%252Fwww.ti.com%252Fgeneral%252Fdocs%252Fsuppproductinfo.tsp%253FdistId%253D10%2526gotoUrl%253Dhttps%253A%252F%252Fwww.ti.com%252Flit%252Fgpn%252Fcd4017b","16","Daxxn_Logic","CD4017B",""
"U46","74HC02","Daxxn_Packages:DHVQFN14","https://assets.nexperia.com/documents/data-sheet/74AHC_AHCT02.pdf","14","74xx","74HC02",""
"U47","SN74LVC1G32","Package_TO_SOT_SMD:SOT-23-5","https://www.ti.com/lit/ds/symlink/sn74lvc1g32.pdf?HQS=dis-dk-null-digikeymode-dsf-pf-null-wwe&ts=1660110937907&ref_url=https%253A%252F%252Fwww.ti.com%252Fgeneral%252Fdocs%252Fsuppproductinfo.tsp%253FdistId%253D10%2526gotoUrl%253Dhttps%253A%252F%252Fwww.ti.com%252Flit%252Fgpn%252Fsn74lvc1g32","5","Daxxn_Logic","SN74LVC1G32",""
"Y1","16MHz","Crystal:Resonator_SMD_Murata_CSTxExxV-3Pin_3.0x1.1mm","~","3","Device","Resonator_Small",""
end
"Source","C:\Users\Daxxn\Documents\Electrical\KiCad\Designs\Projects\LightDrum\LightDrum\LightDrum.kicad_sch"
"Date","11/19/2022 10:02:37 PM"
"PartCount","332"
